<annotation>
	<folder>folder-40-w</folder>
	<filename>0025.jpg</filename>
	<path>/folder-40-w/0025.jpg</path>
	<source>
		<database>Unspecified</database>
	</source>
	<size>
		<width>128</width>
		<height>96</height>
		<depth>3</depth>
	</size>
	<object>
		<name>window</name>
		<pose>Unspecified</pose>
		<truncated>Unspecified</truncated>
		<difficult>Unspecified</difficult>
		<bndbox>
			<xmin>13</xmin>
			<ymin>55</ymin>
			<xmax>59</xmax>
			<ymax>96</ymax>
		</bndbox>
	</object>
	<object>
		<name>window</name>
		<pose>Unspecified</pose>
		<truncated>Unspecified</truncated>
		<difficult>Unspecified</difficult>
		<bndbox>
			<xmin>84</xmin>
			<ymin>70</ymin>
			<xmax>99</xmax>
			<ymax>96</ymax>
		</bndbox>
	</object>
</annotation>