<annotation>
	<folder>folder-40-w</folder>
	<filename>0029.jpg</filename>
	<path>/folder-40-w/0029.jpg</path>
	<source>
		<database>Unspecified</database>
	</source>
	<size>
		<width>128</width>
		<height>96</height>
		<depth>3</depth>
	</size>
	<object>
		<name>window</name>
		<pose>Unspecified</pose>
		<truncated>Unspecified</truncated>
		<difficult>Unspecified</difficult>
		<bndbox>
			<xmin>57</xmin>
			<ymin>5</ymin>
			<xmax>109</xmax>
			<ymax>42</ymax>
		</bndbox>
	</object>
</annotation>