<annotation>
	<folder>folder-40-w</folder>
	<filename>0030.jpg</filename>
	<path>/folder-40-w/0030.jpg</path>
	<source>
		<database>Unspecified</database>
	</source>
	<size>
		<width>128</width>
		<height>96</height>
		<depth>3</depth>
	</size>
	<object>
		<name>window</name>
		<pose>Unspecified</pose>
		<truncated>Unspecified</truncated>
		<difficult>Unspecified</difficult>
		<bndbox>
			<xmin>55</xmin>
			<ymin>0</ymin>
			<xmax>110</xmax>
			<ymax>29</ymax>
		</bndbox>
	</object>
	<object>
		<name>window</name>
		<pose>Unspecified</pose>
		<truncated>Unspecified</truncated>
		<difficult>Unspecified</difficult>
		<bndbox>
			<xmin>58</xmin>
			<ymin>74</ymin>
			<xmax>75</xmax>
			<ymax>84</ymax>
		</bndbox>
	</object>
</annotation>