<annotation>
	<folder>folder-40-w</folder>
	<filename>0043.jpg</filename>
	<path>/folder-40-w/0043.jpg</path>
	<source>
		<database>Unspecified</database>
	</source>
	<size>
		<width>128</width>
		<height>96</height>
		<depth>3</depth>
	</size>
	<object>
		<name>window</name>
		<pose>Unspecified</pose>
		<truncated>Unspecified</truncated>
		<difficult>Unspecified</difficult>
		<bndbox>
			<xmin>1</xmin>
			<ymin>60</ymin>
			<xmax>30</xmax>
			<ymax>75</ymax>
		</bndbox>
	</object>
</annotation>