<annotation>
	<folder>folder-40-w</folder>
	<filename>0057.jpg</filename>
	<path>/folder-40-w/0057.jpg</path>
	<source>
		<database>Unspecified</database>
	</source>
	<size>
		<width>128</width>
		<height>96</height>
		<depth>3</depth>
	</size>
	<object>
		<name>window</name>
		<pose>Unspecified</pose>
		<truncated>Unspecified</truncated>
		<difficult>Unspecified</difficult>
		<bndbox>
			<xmin>31</xmin>
			<ymin>46</ymin>
			<xmax>76</xmax>
			<ymax>65</ymax>
		</bndbox>
	</object>
	<object>
		<name>window</name>
		<pose>Unspecified</pose>
		<truncated>Unspecified</truncated>
		<difficult>Unspecified</difficult>
		<bndbox>
			<xmin>83</xmin>
			<ymin>24</ymin>
			<xmax>89</xmax>
			<ymax>47</ymax>
		</bndbox>
	</object>
</annotation>