<annotation>
	<folder>folder-40-w</folder>
	<filename>0058.jpg</filename>
	<path>/folder-40-w/0058.jpg</path>
	<source>
		<database>Unspecified</database>
	</source>
	<size>
		<width>128</width>
		<height>96</height>
		<depth>3</depth>
	</size>
	<object>
		<name>window</name>
		<pose>Unspecified</pose>
		<truncated>Unspecified</truncated>
		<difficult>Unspecified</difficult>
		<bndbox>
			<xmin>24</xmin>
			<ymin>48</ymin>
			<xmax>77</xmax>
			<ymax>66</ymax>
		</bndbox>
	</object>
	<object>
		<name>window</name>
		<pose>Unspecified</pose>
		<truncated>Unspecified</truncated>
		<difficult>Unspecified</difficult>
		<bndbox>
			<xmin>85</xmin>
			<ymin>21</ymin>
			<xmax>92</xmax>
			<ymax>49</ymax>
		</bndbox>
	</object>
</annotation>