<annotation>
	<folder>folder-40-w</folder>
	<filename>0060.jpg</filename>
	<path>/folder-40-w/0060.jpg</path>
	<source>
		<database>Unspecified</database>
	</source>
	<size>
		<width>128</width>
		<height>96</height>
		<depth>3</depth>
	</size>
	<object>
		<name>window</name>
		<pose>Unspecified</pose>
		<truncated>Unspecified</truncated>
		<difficult>Unspecified</difficult>
		<bndbox>
			<xmin>27</xmin>
			<ymin>45</ymin>
			<xmax>81</xmax>
			<ymax>64</ymax>
		</bndbox>
	</object>
	<object>
		<name>window</name>
		<pose>Unspecified</pose>
		<truncated>Unspecified</truncated>
		<difficult>Unspecified</difficult>
		<bndbox>
			<xmin>87</xmin>
			<ymin>14</ymin>
			<xmax>99</xmax>
			<ymax>47</ymax>
		</bndbox>
	</object>
</annotation>