<annotation>
	<folder>folder-41-w</folder>
	<filename>0074.jpg</filename>
	<path>/folder-41-w/0074.jpg</path>
	<source>
		<database>Unspecified</database>
	</source>
	<size>
		<width>128</width>
		<height>96</height>
		<depth>3</depth>
	</size>
	<object>
		<name>window</name>
		<pose>Unspecified</pose>
		<truncated>Unspecified</truncated>
		<difficult>Unspecified</difficult>
		<bndbox>
			<xmin>1</xmin>
			<ymin>76</ymin>
			<xmax>9</xmax>
			<ymax>87</ymax>
		</bndbox>
	</object>
	<object>
		<name>window</name>
		<pose>Unspecified</pose>
		<truncated>Unspecified</truncated>
		<difficult>Unspecified</difficult>
		<bndbox>
			<xmin>0</xmin>
			<ymin>92</ymin>
			<xmax>6</xmax>
			<ymax>96</ymax>
		</bndbox>
	</object>
</annotation>