<annotation>
	<folder>window-42-w</folder>
	<filename>0002.jpg</filename>
	<path>/window-42-w/0002.jpg</path>
	<source>
		<database>Unspecified</database>
	</source>
	<size>
		<width>128</width>
		<height>96</height>
		<depth>3</depth>
	</size>
	<object>
		<name>window</name>
		<pose>Unspecified</pose>
		<truncated>Unspecified</truncated>
		<difficult>Unspecified</difficult>
		<bndbox>
			<xmin>121</xmin>
			<ymin>56</ymin>
			<xmax>128</xmax>
			<ymax>72</ymax>
		</bndbox>
	</object>
</annotation>