<annotation>
	<folder>window-42-w</folder>
	<filename>0003.jpg</filename>
	<path>/window-42-w/0003.jpg</path>
	<source>
		<database>Unspecified</database>
	</source>
	<size>
		<width>128</width>
		<height>96</height>
		<depth>3</depth>
	</size>
	<object>
		<name>window</name>
		<pose>Unspecified</pose>
		<truncated>Unspecified</truncated>
		<difficult>Unspecified</difficult>
		<bndbox>
			<xmin>106</xmin>
			<ymin>65</ymin>
			<xmax>115</xmax>
			<ymax>79</ymax>
		</bndbox>
	</object>
	<object>
		<name>window</name>
		<pose>Unspecified</pose>
		<truncated>Unspecified</truncated>
		<difficult>Unspecified</difficult>
		<bndbox>
			<xmin>115</xmin>
			<ymin>58</ymin>
			<xmax>121</xmax>
			<ymax>74</ymax>
		</bndbox>
	</object>
</annotation>