<annotation>
	<folder>window-42-w</folder>
	<filename>0004.jpg</filename>
	<path>/window-42-w/0004.jpg</path>
	<source>
		<database>Unspecified</database>
	</source>
	<size>
		<width>128</width>
		<height>96</height>
		<depth>3</depth>
	</size>
	<object>
		<name>window</name>
		<pose>Unspecified</pose>
		<truncated>Unspecified</truncated>
		<difficult>Unspecified</difficult>
		<bndbox>
			<xmin>112</xmin>
			<ymin>69</ymin>
			<xmax>120</xmax>
			<ymax>83</ymax>
		</bndbox>
	</object>
	<object>
		<name>window</name>
		<pose>Unspecified</pose>
		<truncated>Unspecified</truncated>
		<difficult>Unspecified</difficult>
		<bndbox>
			<xmin>121</xmin>
			<ymin>63</ymin>
			<xmax>128</xmax>
			<ymax>78</ymax>
		</bndbox>
	</object>
</annotation>