<annotation>
	<folder>window-42-w</folder>
	<filename>0026.jpg</filename>
	<path>/window-42-w/0026.jpg</path>
	<source>
		<database>Unspecified</database>
	</source>
	<size>
		<width>128</width>
		<height>96</height>
		<depth>3</depth>
	</size>
	<object>
		<name>window</name>
		<pose>Unspecified</pose>
		<truncated>Unspecified</truncated>
		<difficult>Unspecified</difficult>
		<bndbox>
			<xmin>114</xmin>
			<ymin>65</ymin>
			<xmax>123</xmax>
			<ymax>85</ymax>
		</bndbox>
	</object>
	<object>
		<name>window</name>
		<pose>Unspecified</pose>
		<truncated>Unspecified</truncated>
		<difficult>Unspecified</difficult>
		<bndbox>
			<xmin>103</xmin>
			<ymin>71</ymin>
			<xmax>111</xmax>
			<ymax>88</ymax>
		</bndbox>
	</object>
</annotation>