<annotation>
	<folder>window-42-w</folder>
	<filename>0033.jpg</filename>
	<path>/window-42-w/0033.jpg</path>
	<source>
		<database>Unspecified</database>
	</source>
	<size>
		<width>128</width>
		<height>96</height>
		<depth>3</depth>
	</size>
	<object>
		<name>window</name>
		<pose>Unspecified</pose>
		<truncated>Unspecified</truncated>
		<difficult>Unspecified</difficult>
		<bndbox>
			<xmin>70</xmin>
			<ymin>22</ymin>
			<xmax>86</xmax>
			<ymax>44</ymax>
		</bndbox>
	</object>
	<object>
		<name>window</name>
		<pose>Unspecified</pose>
		<truncated>Unspecified</truncated>
		<difficult>Unspecified</difficult>
		<bndbox>
			<xmin>105</xmin>
			<ymin>16</ymin>
			<xmax>125</xmax>
			<ymax>46</ymax>
		</bndbox>
	</object>
	<object>
		<name>window</name>
		<pose>Unspecified</pose>
		<truncated>Unspecified</truncated>
		<difficult>Unspecified</difficult>
		<bndbox>
			<xmin>107</xmin>
			<ymin>62</ymin>
			<xmax>128</xmax>
			<ymax>96</ymax>
		</bndbox>
	</object>
	<object>
		<name>window</name>
		<pose>Unspecified</pose>
		<truncated>Unspecified</truncated>
		<difficult>Unspecified</difficult>
		<bndbox>
			<xmin>35</xmin>
			<ymin>73</ymin>
			<xmax>51</xmax>
			<ymax>94</ymax>
		</bndbox>
	</object>
	<object>
		<name>window</name>
		<pose>Unspecified</pose>
		<truncated>Unspecified</truncated>
		<difficult>Unspecified</difficult>
		<bndbox>
			<xmin>43</xmin>
			<ymin>24</ymin>
			<xmax>56</xmax>
			<ymax>48</ymax>
		</bndbox>
	</object>
	<object>
		<name>window</name>
		<pose>Unspecified</pose>
		<truncated>Unspecified</truncated>
		<difficult>Unspecified</difficult>
		<bndbox>
			<xmin>4</xmin>
			<ymin>71</ymin>
			<xmax>20</xmax>
			<ymax>95</ymax>
		</bndbox>
	</object>
</annotation>