<annotation>
	<folder>window-42-w</folder>
	<filename>0053.jpg</filename>
	<path>/window-42-w/0053.jpg</path>
	<source>
		<database>Unspecified</database>
	</source>
	<size>
		<width>128</width>
		<height>96</height>
		<depth>3</depth>
	</size>
	<object>
		<name>window</name>
		<pose>Unspecified</pose>
		<truncated>Unspecified</truncated>
		<difficult>Unspecified</difficult>
		<bndbox>
			<xmin>83</xmin>
			<ymin>61</ymin>
			<xmax>90</xmax>
			<ymax>83</ymax>
		</bndbox>
	</object>
	<object>
		<name>window</name>
		<pose>Unspecified</pose>
		<truncated>Unspecified</truncated>
		<difficult>Unspecified</difficult>
		<bndbox>
			<xmin>106</xmin>
			<ymin>54</ymin>
			<xmax>116</xmax>
			<ymax>79</ymax>
		</bndbox>
	</object>
</annotation>